Fresh Air,https://castbox.fm/channel/Fresh-Air-id431951,Arts
The Moth,https://castbox.fm/channel/The-Moth-id12,Arts
TED Talks Daily,https://castbox.fm/channel/TED-Talks-Daily-id4541,Arts99% Invisible,https://castbox.fm/channel/id18,Arts
Snap Judgment Presents: Spooked,https://castbox.fm/channel/Snap-Judgment-Presents%3A-Spooked-id1022965,Arts
Myths and Legends,https://castbox.fm/channel/Myths-and-Legends-id227508,Arts
Nice Try!,https://castbox.fm/channel/Nice-Try!-id2112178,Arts
99% Invisible,https://castbox.fm/channel/id18,Arts
Snap Judgment,https://castbox.fm/channel/Snap-Judgment-id131,Arts
The Beauty Closet,https://castbox.fm/channel/The-Beauty-Closet-id2197246,Arts
LeVar Burton Reads,https://castbox.fm/channel/LeVar-Burton-Reads-id601419,Arts
